Ref,Val,Package,PosX,PosY,Rot,Side
"C1","10uF","C_0805_2012Metric",95.480000,-114.020000,0.000000,top
"C2","22uF","C_0805_2012Metric",103.480000,-114.020000,0.000000,top
"C3","0.1uF","C_0805_2012Metric",149.180000,-120.000000,0.000000,top
"C4","10uF","C_0805_2012Metric",145.470000,-119.960000,0.000000,top
"C5","0.1uF","C_0805_2012Metric",141.650000,-130.460000,90.000000,top
"C6","10uF","C_0805_2012Metric",106.120000,-126.170000,0.000000,top
"C7","0.1uF","C_0805_2012Metric",106.120000,-129.170000,0.000000,top
"C8","10uF","C_0805_2012Metric",92.410000,-126.340000,0.000000,top
"C9","0.1uF","C_0805_2012Metric",92.410000,-129.340000,0.000000,top
"C10","0.1uF","C_0805_2012Metric",139.200000,-125.860000,90.000000,top
"C11","0.1uF","C_0805_2012Metric",153.160000,-123.670000,-90.000000,top
"C12","10uF","C_0805_2012Metric",139.170000,-138.610000,-90.000000,top
"C13","0.1uF","C_0805_2012Metric",142.060000,-134.860000,-90.000000,top
"C14","0.1uF","C_0805_2012Metric",141.760000,-125.860000,90.000000,top
"FB1","600R@100MHz","L_0805_2012Metric",140.927500,-122.890000,0.000000,top
"Q1","S8550","SOT-23",140.992500,-117.770000,0.000000,top
"R1","20k 1%","R_0805_2012Metric",145.237500,-117.040000,0.000000,top
"R2","8.2k 1%","R_0805_2012Metric",149.187500,-117.010000,0.000000,top
"R4","100","R_0805_2012Metric",152.800000,-130.600000,90.000000,top
"R5","100","R_0805_2012Metric",147.460000,-133.890000,180.000000,top
"R6","10k","R_0805_2012Metric",139.190000,-130.450000,90.000000,top
"R7","1k","R_0805_2012Metric",105.510000,-134.290000,90.000000,top
"R8","2k","R_0805_2012Metric",107.830000,-134.290000,-90.000000,top
"U1","ESP32-WROOM-32U","ESP32-WROOM-32U",123.450000,-132.750000,180.000000,top
"U2","HX711","SOIC-16_3.9x9.9mm_P1.27mm",147.185000,-126.955000,0.000000,top
"U3","AMS1117-3.3","SOT-223-3_TabPin2",99.760000,-119.880000,-90.000000,top
"U4","LM78M05_TO252","TO-252-3_TabPin2",99.385000,-131.705000,-90.000000,top
