Designator,Val,Package,Mid X,Mid Y,Rotation,Layer
C1,10uF,C_0805_2012Metric,95.4800,114.0200,0.0,Top
C2,22uF,C_0805_2012Metric,103.4800,114.0200,0.0,Top
C3,0.1uF,C_0805_2012Metric,149.1800,120.0000,0.0,Top
C4,10uF,C_0805_2012Metric,145.4700,119.9600,0.0,Top
C5,0.1uF,C_0805_2012Metric,141.6500,130.4600,90.0,Top
C6,10uF,C_0805_2012Metric,106.1200,126.1700,0.0,Top
C7,0.1uF,C_0805_2012Metric,106.1200,129.1700,0.0,Top
C8,10uF,C_0805_2012Metric,92.4100,126.3400,0.0,Top
C9,0.1uF,C_0805_2012Metric,92.4100,129.3400,0.0,Top
C10,0.1uF,C_0805_2012Metric,139.2000,125.8600,90.0,Top
C11,0.1uF,C_0805_2012Metric,153.1600,123.6700,-90.0,Top
C12,10uF,C_0805_2012Metric,139.1700,138.6100,-90.0,Top
C13,0.1uF,C_0805_2012Metric,142.0600,134.8600,-90.0,Top
C14,0.1uF,C_0805_2012Metric,141.7600,125.8600,90.0,Top
FB1,600R@100MHz,L_0805_2012Metric,140.9275,122.8900,0.0,Top
Q1,S8550,SOT-23,140.9925,117.7700,0.0,Top
R1,20k 1%,R_0805_2012Metric,145.2375,117.0400,0.0,Top
R2,8.2k 1%,R_0805_2012Metric,149.1875,117.0100,0.0,Top
R4,100,R_0805_2012Metric,152.8000,130.6000,90.0,Top
R5,100,R_0805_2012Metric,147.4600,133.8900,180.0,Top
R6,10k,R_0805_2012Metric,139.1900,130.4500,90.0,Top
R7,1k,R_0805_2012Metric,105.5100,134.2900,90.0,Top
R8,2k,R_0805_2012Metric,107.8300,134.2900,-90.0,Top
U1,ESP32-WROOM-32U,ESP32-WROOM-32U,123.4500,132.7500,180.0,Top
U2,HX711,SOIC-16_3.9x9.9mm_P1.27mm,147.1850,126.9550,0.0,Top
U3,AMS1117-3.3,SOT-223-3_TabPin2,99.7600,119.8800,-90.0,Top
U4,LM78M05_TO252,TO-252-3_TabPin2,99.3850,131.7050,-90.0,Top
